正式名称,一般名称,入手場所,入手カテゴリ,種類,必要素材,効果,一言,画像リンク
被らないこと,"略称があれば,で区切って記入",制作のみ記入。複数選択可,,,"複数素材は,で区切ること。:で個数を表記・正式名称",指輪、ストーン、紋章のみ,あれば,画像のパス
ウッドソード,,レポロ,制作,武器,"木の棒:8,トトの羽:4",,,
ウッドトップソード,,レポロ,制作,武器,"ウッドソード:1,ボアの皮:8",,,
ストーンソード,,レポロ,制作,武器,"石:9,ボアの皮:10",,,
ヘビーストーンソード,,レポロ,制作,武器,"ストーンソード:1,頑丈な石:10",,,
ウッドアックス,,レポロ,制作,武器,"木の棒:6,トトの羽:6",,,
ウッドトップアックス,,レポロ,制作,武器,"ウッドアックス:1,ボアの皮:8",,,
ストーンアックス,,レポロ,制作,武器,"石:9,ボアの皮:10",,,
ヘビーストーンアックス,,レポロ,制作,武器,"ストーンアックス:1,頑丈な石:11",,,
ウッドスタッフ,,レポロ,制作,武器,"木の棒:6,トトの羽:6",,,
ウッドトップスタッフ,,レポロ,制作,武器,"ウッドスタッフ:1,ボアの皮:4",,,
ストーンスタッフ,,レポロ,制作,武器,"石:9,ボアの皮:10",,,
ヘビーストーンスタッフ,,レポロ,制作,武器,"ストーンスタッフ:1,頑丈な石:11",,,
ウッドボウ,,レポロ,制作,武器,"木の棒:6,トトの羽:6",,,
ウッドトップボウ,,レポロ,制作,武器,"ウッドボウ:1,ボアの皮:4",,,
ストーンボウ,,レポロ,制作,武器,"石:9,ボアの皮:10",,,
ヘビーストーンボウ,,レポロ,制作,武器,"ストーンボウ:1,頑丈な石:11",,,
リードソード,,マクルダ,制作,武器,"鉛の原石:10,頑丈な石:30",,,
ハイリードソード,,マクルダ,制作,武器,"鉛の原石:20,ゴーレムの欠片:8",,,
ボーンソード,,マクルダ,制作,武器,"尖った骨:18,大きな骨:8",,,
アイアンソード,,マクルダ,制作,武器,"鉄の原石:18,鉛の原石:26",,,
リードアックス,,マクルダ,制作,武器,"鉛の原石:10,頑丈な石:30",,,
ハイリードアックス,,マクルダ,制作,武器,"鉛の原石:20,ゴーレムの欠片:8",,,
ボーンアックス,,マクルダ,制作,武器,"尖った骨:18,大きな骨:8",,,
アイアンアックス,,マクルダ,制作,武器,"鉄の原石:18,鉛の原石:26",,,
リードスタッフ,,マクルダ,制作,武器,"鉛の原石:10,頑丈な石:30",,,
ハイリードスタッフ,,マクルダ,制作,武器,"鉛の原石:20,ゴーレムの欠片:8",,,
ボーンスタッフ,,マクルダ,制作,武器,"尖った骨:18,大きな骨:8",,,
アイアンスタッフ,,マクルダ,制作,武器,"鉄の原石:18,鉛の原石:15",,,
リードボウ,,マクルダ,制作,武器,"鉛の原石:10,頑丈な石:30",,,
ハイリードボウ,,マクルダ,制作,武器,"鉛の原石:20,ゴーレムの欠片:8",,,
ボーンボウ,,マクルダ,制作,武器,"尖った骨:18,大きな骨:8",,,
アイアンボウ,,マクルダ,制作,武器,"鉄の原石:18,鉛の原石:26",,,
ボーンソード2,,ルーチェア,制作,武器,"ボーンソード:1,怨嗟の骨:2",,,
アイアンソード2,,ルーチェア,制作,武器,"アイアンソード:1,鋼鉄のかけら:6",,,
マジックソード,,ルーチェア,制作,武器,"魔法の樹木:20,さまよう魂:12",,,
マジックソード2,,ルーチェア,制作,武器,"マジックソード:1,煌めきの水結晶:2",,,
ボーンアックス2,,ルーチェア,制作,武器,"ボーンアックス:1,怨嗟の骨:2",,,
アイアンアックス2,,ルーチェア,制作,武器,"アイアンアックス:1,鋼鉄のかけら:6",,,
マジックアックス,,ルーチェア,制作,武器,"魔法の樹木:20,さまよう魂:14",,,
マジックアックス2,,ルーチェア,制作,武器,"マジックアックス:1,煌めきの水結晶:2",,,
ボーンスタッフ2,,ルーチェア,制作,武器,"ボーンスタッフ:1,怨嗟の骨:2",,,
アイアンスタッフ2,,ルーチェア,制作,武器,"アイアンスタッフ:1,鋼鉄のかけら:6",,,
マジックスタッフ,,ルーチェア,制作,武器,"魔法の樹木:20,さまよう魂:14",,,
マジックスタッフ2,,ルーチェア,制作,武器,"マジックスタッフ:1,煌めきの水結晶:2",,,
ボーンボウ2,,ルーチェア,制作,武器,"ボーンボウ:1,怨嗟の骨:2",,,
アイアンボウ2,,ルーチェア,制作,武器,"アイアンボウ:1,鋼鉄のかけら:6",,,
マジックボウ,,ルーチェア,制作,武器,"魔法の樹木:20,さまよう魂:14",,,
マジックボウ2,,ルーチェア,制作,武器,"マジックボウ:1,煌めきの水結晶:2",,,
砂塵の剣,,ソルソロ,制作,武器,"強固な砂岩:20,砂の宝石:20",,,
砂塵の剣2,,ソルソロ,制作,武器,"砂塵の剣:1,究極進化結晶:6",,,
聖騎士の剣,,ソルソロ,制作,武器,"サルファーインゴット:5,金の原石:20",,,
聖騎士の剣2,,ソルソロ,制作,武器,"聖騎士の剣:1,究極進化結晶:6",,,
砂塵の斧,,ソルソロ,制作,武器,"強固な砂岩:20,砂の宝石:20",,,
砂塵の斧2,,ソルソロ,制作,武器,"砂塵の斧:1,究極進化結晶:6",,,
聖騎士の斧,,ソルソロ,制作,武器,"サルファーインゴット:5,金の原石:20",,,
聖騎士の斧2,,ソルソロ,制作,武器,"聖騎士の斧:1,究極進化結晶:6",,,
砂塵の杖,,ソルソロ,制作,武器,"強固な砂岩:20,砂の宝石:20",,,
砂塵の杖2,,ソルソロ,制作,武器,"砂塵の杖:1,究極進化結晶:6",,,
聖騎士の杖,,ソルソロ,制作,武器,"サルファーインゴット:5,金の原石:20",,,
聖騎士の杖2,,ソルソロ,制作,武器,"聖騎士の杖:1,究極進化結晶:6",,,
砂塵の弓,,ソルソロ,制作,武器,"強固な砂岩:20,砂の宝石:20",,,
砂塵の弓2,,ソルソロ,制作,武器,"砂塵の弓:1,究極進化結晶:6",,,
聖騎士の弓,,ソルソロ,制作,武器,"サルファーインゴット:5,金の原石:20",,,
聖騎士の弓2,,ソルソロ,制作,武器,"聖騎士の弓:1,究極進化結晶:6",,,
砂塵の大剣,,ソルソロ,制作,武器,"強固な砂岩:20,砂の宝石:20",,,
砂塵の大剣2,,ソルソロ,制作,武器,"砂塵の大剣:1,究極進化結晶:6",,,
聖騎士の大剣,,ソルソロ,制作,武器,"サルファーインゴット:5,金の原石:20",,,
聖騎士の大剣2,,ソルソロ,制作,武器,"聖騎士の大剣:1,究極進化結晶:6",,,
砂塵の短剣,,ソルソロ,制作,武器,"強固な砂岩:20,砂の宝石:20",,,
砂塵の短剣2,,ソルソロ,制作,武器,"砂塵の短剣:1,究極進化結晶:6",,,
聖騎士の短剣,,ソルソロ,制作,武器,"サルファーインゴット:5,金の原石:20",,,
聖騎士の短剣2,,ソルソロ,制作,武器,"聖騎士の短剣:1,究極進化結晶:6",,,
光砂の剣,,サプネラ,制作,武器,"輝く砂:35,硬いこうら:30",,,
光砂の剣2,,サプネラ,制作,武器,"光砂の剣:1,究極進化結晶:10",,,
紅玉の剣,,サプネラ,制作,武器,"紅玉:30,サルファーインゴット:12",,,
紅玉の剣2,,サプネラ,制作,武器,"紅玉の剣:1,究極進化結晶:10",,,
光砂の斧,,サプネラ,制作,武器,"輝く砂:35,硬いこうら:30",,,
光砂の斧2,,サプネラ,制作,武器,"光砂の斧:1,究極進化結晶:10",,,
紅玉の斧,,サプネラ,制作,武器,"紅玉:30,サルファーインゴット:12",,,
紅玉の斧2,,サプネラ,制作,武器,"紅玉の斧:1,究極進化結晶:10",,,
光砂の杖,,サプネラ,制作,武器,"輝く砂:35,硬いこうら:30",,,
光砂の杖2,,サプネラ,制作,武器,"光砂の杖:1,究極進化結晶:10",,,
紅玉の杖,,サプネラ,制作,武器,"紅玉:30,サルファーインゴット:12",,,
紅玉の杖2,,サプネラ,制作,武器,"紅玉の杖:1,究極進化結晶:10",,,
光砂の弓,,サプネラ,制作,武器,"輝く砂:35,硬いこうら:30",,,
光砂の弓2,,サプネラ,制作,武器,"光砂の弓:1,究極進化結晶:5",,,
紅玉の弓,,サプネラ,制作,武器,"紅玉:30,サルファーインゴット:12",,,
紅玉の弓2,,サプネラ,制作,武器,"紅玉の弓:1,究極進化結晶:5",,,
光砂の大剣,,サプネラ,制作,武器,"輝く砂:35,硬いこうら:30",,,
光砂の大剣2,,サプネラ,制作,武器,"光砂の大剣:1,究極進化結晶:5",,,
紅玉の大剣,,サプネラ,制作,武器,"紅玉:30,サルファーインゴット:12",,,
紅玉の大剣2,,サプネラ,制作,武器,"紅玉の大剣:1,究極進化結晶:5",,,
光砂の短剣,,サプネラ,制作,武器,"輝く砂:35,硬いこうら:30",,,
光砂の短剣2,,サプネラ,制作,武器,"光砂の短剣:1,究極進化結晶:5",,,
紅玉の短剣,,サプネラ,制作,武器,"紅玉:30,サルファーインゴット:12",,,
紅玉の短剣2,,サプネラ,制作,武器,"紅玉の短剣:1,究極進化結晶:5",,,
光砂の槍,,サプネラ,制作,武器,"輝く砂:35,硬いこうら:30",,,
光砂の槍2,,サプネラ,制作,武器,"光砂の槍:1,究極進化結晶:5",,,
紅玉の槍,,サプネラ,制作,武器,"紅玉:30,サルファーインゴット:12",,,
紅玉の槍2,,サプネラ,制作,武器,"紅玉の槍:1,究極進化結晶:5",,,
乾泥の剣,,セシド,制作,武器,"泥まみれの骨:32,セシドトーテム:32",,,
炎牙の剣,,セシド,制作,武器,"赤い羽根:32,紫の水晶:32",,,
乾泥の斧,,セシド,制作,武器,"泥まみれの骨:32,セシドトーテム:32",,,
炎牙の斧,,セシド,制作,武器,"赤い羽根:32,紫の水晶:32",,,
乾泥の杖,,セシド,制作,武器,"泥まみれの骨:32,セシドトーテム:32",,,
炎牙の杖,,セシド,制作,武器,"赤い羽根:32,紫の水晶:32",,,
乾泥の弓,,セシド,制作,武器,"泥まみれの骨:32,セシドトーテム:32",,,
炎牙の弓,,セシド,制作,武器,"赤い羽根:32,紫の水晶:32",,,
乾泥の大剣,,セシド,制作,武器,"泥まみれの骨:32,セシドトーテム:32",,,
炎牙の大剣,,セシド,制作,武器,"赤い羽根:32,紫の水晶:32",,,
乾泥の短剣,,セシド,制作,武器,"泥まみれの骨:32,セシドトーテム:32",,,
炎牙の短剣,,セシド,制作,武器,"赤い羽根:32,紫の水晶:32",,,
乾泥の槍,,セシド,制作,武器,"泥まみれの骨:32,セシドトーテム:32",,,
炎牙の槍,,セシド,制作,武器,"赤い羽根:32,紫の水晶:32",,,
革の帽子,,レポロ,制作,防具,"ボアの皮:5,木の枝:5",,,
革の服上,,レポロ,制作,防具,"ボアの皮:7,木の枝:7",,,
革の服下,,レポロ,制作,防具,"ボアの皮:5,木の枝:5",,,
樹皮の帽子,,レポロ,制作,防具,"やわらかい樹皮:5,頑丈な石:5",,,
樹皮の服上,,レポロ,制作,防具,"やわらかい樹皮:7,頑丈な石:7",,,
樹皮の服下,,レポロ,制作,防具,"やわらかい樹皮:6,頑丈な石:6",,,
絹のローブ頭,,レポロ,制作,防具,"コットン:4,木の枝:4",,,
絹のローブ上,,レポロ,制作,防具,"コットン:6,木の枝:6",,,
絹のローブ下,,レポロ,制作,防具,"コットン:5,木の枝:5",,,
樹皮のローブ頭,,レポロ,制作,防具,"やわらかい樹皮:5,頑丈な石:5",,,
樹皮のローブ上,,レポロ,制作,防具,"やわらかい樹皮:6,頑丈な石:6",,,
樹皮のローブ下,,レポロ,制作,防具,"やわらかい樹皮:5,頑丈な石:5",,,
骨の帽子,,マクルダ,制作,防具,"尖った骨:20,大きな骨:10",,こちらは革装備です,
骨の服上,,マクルダ,制作,防具,"尖った骨:20,大きな骨:10",,,
骨の服下,,マクルダ,制作,防具,"尖った骨:20,大きな骨:10",,,
森林の帽子,,マクルダ,制作,防具,"大樹の丸太:16,オークの毛皮:13",,,
森林の服上,,マクルダ,制作,防具,"大樹の丸太:16,オークの毛皮:13",,,
森林の服下,,マクルダ,制作,防具,"大樹の丸太:16,オークの毛皮:13",,,
骨のローブ頭,,マクルダ,制作,防具,"尖った骨:20,大きな骨:10",,こちらは布装備です,
骨のローブ上,,マクルダ,制作,防具,"尖った骨:20,大きな骨:10",,,
骨のローブ下,,マクルダ,制作,防具,"尖った骨:20,大きな骨:10",,,
森林のローブ頭,,マクルダ,制作,防具,"大樹の丸太:16,オークの毛皮:13",,,
森林のローブ上,,マクルダ,制作,防具,"大樹の丸太:16,オークの毛皮:13",,,
森林のローブ下,,マクルダ,制作,防具,"大樹の丸太:16,オークの毛皮:13",,,
魔石の帽子,,ルーチェア,制作,防具,"魔石の破片:15,赤い宝石:3",,,
魔石の服上,,ルーチェア,制作,防具,"魔石の破片:15,赤い宝石:3",,,
魔石の服下,,ルーチェア,制作,防具,"魔石の破片:15,赤い宝石:3",,,
草粘魔の帽子,,ルーチェア,制作,防具,"緑魔の魂:8,煌めきの水結晶:3",,,
草粘魔の服上,,ルーチェア,制作,防具,"緑魔の魂:8,煌めきの水結晶:3",,,
草粘魔の服下,,ルーチェア,制作,防具,"緑魔の魂:8,煌めきの水結晶:3",,,
魔石のローブ頭,,ルーチェア,制作,防具,"魔石の破片:15,赤い宝石:3",,,
魔石のローブ上,,ルーチェア,制作,防具,"魔石の破片:15,赤い宝石:3",,,
魔石のローブ下,,ルーチェア,制作,防具,"魔石の破片:15,赤い宝石:3",,,
草粘魔のローブ頭,,ルーチェア,制作,防具,"緑魔の魂:8,煌めきの水結晶:3",,,
草粘魔のローブ上,,ルーチェア,制作,防具,"緑魔の魂:8,煌めきの水結晶:3",,,
草粘魔のローブ下,,ルーチェア,制作,防具,"緑魔の魂:8,煌めきの水結晶:3",,,
砂塵の帽子,,ソルソロ,制作,防具,"強固な砂岩:20,砂の宝石:20",,,
砂塵の服上,,ソルソロ,制作,防具,"強固な砂岩:20,砂の宝石:20",,,
砂塵の服下,,ソルソロ,制作,防具,"強固な砂岩:20,砂の宝石:20",,,
聖騎士の帽子,,ソルソロ,制作,防具,"サルファーインゴット:5,金の原石:20",,,
聖騎士の服上,,ソルソロ,制作,防具,"サルファーインゴット:5,金の原石:20",,,
聖騎士の服下,,ソルソロ,制作,防具,"サルファーインゴット:5,金の原石:20",,,
砂塵のローブ頭,,ソルソロ,制作,防具,"強固な砂岩:20,砂の宝石:20",,,
砂塵のローブ上,,ソルソロ,制作,防具,"強固な砂岩:20,砂の宝石:20",,,
砂塵のローブ下,,ソルソロ,制作,防具,"強固な砂岩:20,砂の宝石:20",,,
聖騎士のローブ頭,,ソルソロ,制作,防具,"サルファーインゴット:5,金の原石:20",,,
聖騎士のローブ上,,ソルソロ,制作,防具,"サルファーインゴット:5,金の原石:20",,,
聖騎士のローブ下,,ソルソロ,制作,防具,"サルファーインゴット:5,金の原石:20",,,
砂塵の兜,,ソルソロ,制作,防具,"強固な砂岩:20,砂の宝石:20",,,
砂塵の鎧上,,ソルソロ,制作,防具,"強固な砂岩:20,砂の宝石:20",,,
砂塵の鎧下,,ソルソロ,制作,防具,"強固な砂岩:20,砂の宝石:20",,,
聖騎士の兜,,ソルソロ,制作,防具,"サルファーインゴット:5,金の原石:20",,,
聖騎士の鎧上,,ソルソロ,制作,防具,"サルファーインゴット:5,金の原石:20",,,
聖騎士の鎧下,,ソルソロ,制作,防具,"サルファーインゴット:5,金の原石:20",,,
光砂の帽子,,サプネラ,制作,防具,"輝く砂:35,砂まみれの革:25",,,
光砂の服上,,サプネラ,制作,防具,"輝く砂:35,砂まみれの革:25",,,
光砂の服下,,サプネラ,制作,防具,"輝く砂:35,砂まみれの革:25",,,
紅玉の帽子,,サプネラ,制作,防具,"魔玉:30,サルファーインゴット:12",,,
紅玉の服上,,サプネラ,制作,防具,"魔玉:30,サルファーインゴット:12",,,
紅玉の服下,,サプネラ,制作,防具,"魔玉:30,サルファーインゴット:12",,,
光砂のローブ頭,,サプネラ,制作,防具,"輝く砂:35,砂まみれの革:25",,,
光砂のローブ上,,サプネラ,制作,防具,"輝く砂:35,砂まみれの革:25",,,
光砂のローブ下,,サプネラ,制作,防具,"輝く砂:35,砂まみれの革:25",,,
紅玉のローブ頭,,サプネラ,制作,防具,"魔玉:30,サルファーインゴット:12",,,
紅玉のローブ上,,サプネラ,制作,防具,"魔玉:30,サルファーインゴット:12",,,
紅玉のローブ下,,サプネラ,制作,防具,"魔玉:30,サルファーインゴット:12",,,
光砂の兜,,サプネラ,制作,防具,"輝く砂:35,砂まみれの革:25",,,
光砂の鎧上,,サプネラ,制作,防具,"輝く砂:35,砂まみれの革:25",,,
光砂の鎧下,,サプネラ,制作,防具,"輝く砂:35,砂まみれの革:25",,,
紅玉の兜,,サプネラ,制作,防具,"魔玉:30,サルファーインゴット:12",,,
紅玉の鎧上,,サプネラ,制作,防具,"魔玉:30,サルファーインゴット:12",,,
紅玉の鎧下,,サプネラ,制作,防具,"魔玉:30,サルファーインゴット:12",,,
乾泥の帽子,,セシド,制作,防具,"宝石の欠片:32,風化した化石:32",,,
乾泥の服上,,セシド,制作,防具,"宝石の欠片:32,風化した化石:32",,,
乾泥の服下,,セシド,制作,防具,"宝石の欠片:32,風化した化石:32",,,
炎牙の帽子,,セシド,制作,防具,"綺麗な果実:32,丈夫な角:32",,,
炎牙の服上,,セシド,制作,防具,"綺麗な果実:32,丈夫な角:32",,,
炎牙の服下,,セシド,制作,防具,"綺麗な果実:32,丈夫な角:32",,,
乾泥のローブ頭,,セシド,制作,防具,"宝石の欠片:32,風化した化石:32",,,
乾泥のローブ上,,セシド,制作,防具,"宝石の欠片:32,風化した化石:32",,,
乾泥のローブ下,,セシド,制作,防具,"宝石の欠片:32,風化した化石:32",,,
炎牙のローブ頭,,セシド,制作,防具,"綺麗な果実:32,丈夫な角:32",,,
炎牙のローブ上,,セシド,制作,防具,"綺麗な果実:32,丈夫な角:32",,,
炎牙のローブ下,,セシド,制作,防具,"綺麗な果実:32,丈夫な角:32",,,
乾泥の兜,,セシド,制作,防具,"宝石の欠片:32,風化した化石:32",,,
乾泥の鎧上,,セシド,制作,防具,"宝石の欠片:32,風化した化石:32",,,
乾泥の鎧下,,セシド,制作,防具,"宝石の欠片:32,風化した化石:32",,,
炎牙の兜,,セシド,制作,防具,"綺麗な果実:32,丈夫な角:32",,,
炎牙の鎧上,,セシド,制作,防具,"綺麗な果実:32,丈夫な角:32",,,
炎牙の鎧下,,セシド,制作,防具,"綺麗な果実:32,丈夫な角:32",,,
はじまりの指輪,,ルーチェア,制作,指輪,"進化の粉:32,究極進化結晶:16",探究心:通常攻撃時5%でBPを3回復する,,
守りの指輪,,ソルソロ,制作,指輪,"アクアコア:5,究極進化結晶:16",守備の瞬き:ジャストガード成功時にBPを3回復する,,
不屈の指輪,,ソルソロ,制作,指輪,"アクアコア:5,究極進化結晶:16",不屈の精神:攻撃を受けた際、6%でBPを5回復する,,
疾風の指輪,,ソルソロ,制作,指輪,"アクアコア:8,究極進化結晶:16","疾風の心得:攻撃時6%で素早さが上昇
上昇量と上昇時間は自身の素早さに依存する",,
力の指輪,,ソルソロ,制作,指輪,"ファイアコア:14,黒鋼の欠片:6","力の心得:攻撃時6%で力が上昇
上昇量を上昇時間は自身の力に依存する",,
魔力の指輪,,ソルソロ,制作,指輪,"ファイアコア:14,黒鋼の欠片:6","魔力の心得:攻撃時6%で魔力が上昇
上昇量と上昇時間は自身の魔力に依存する",,
瞬きの指輪,,サプネラ,制作,指輪,"魔玉:5,究極進化結晶:22",瞬きの精神:回避に成功した際、確定でBPを2回復する,,
総明の指輪,,サプネラ,制作,指輪,"エビルナイトインゴット:1,魔玉:32","総明の精神:BPスキル発動時に、光耐性が15%上昇し
HPを最大HPの10%分回復する",,
回生の指輪,,セシド,制作,指輪,"砂漠の涙:50,黒鋼の欠片:32","回生:ボス挑戦時蘇生する際
HPとMPを全回復して復活する",,
不壊の指輪,,セシド,制作,指輪,"雷を帯びた角:3,虚石:20",不壊:ジャストガード成功時防御力8%上昇,,
はじまりのネックレス,,ルーチェア,制作,ブレス・ネク,"さまよう魂:10,魔石の破片:10",,,
はじまりのブレスレット,,ルーチェア,制作,ブレス・ネク,"さまよう魂:10,魔石の破片:10",,,
鉄壁のネックレス,,ソルソロ,制作,ブレス・ネク,"苔むしたコア:5,ストーンゴーレムのコア:5",,,
疾風のネックレス,,ソルソロ,制作,ブレス・ネク,"赤褐色の鉱物:15,鋼の粉:15",,,
砂塵のネックレス,,ソルソロ,制作,ブレス・ネク,"謎の化石:15,金の原石:15",,,
鉄壁のブレスレット,,ソルソロ,制作,ブレス・ネク,"苔むしたコア:5,ストーンゴーレムのコア:5",,,
疾風のブレスレット,,ソルソロ,制作,ブレス・ネク,"赤褐色の鉱物:15,鋼の粉:15",,,
砂塵のブレスレット,,ソルソロ,制作,ブレス・ネク,"謎の化石:15,金の原石:15",,,
光砂のネックレス,光砂ネク,サプネラ,制作,ブレス・ネク,"輝く砂:28,ストーンゴーレムのコア:5",,,
紅玉のネックレス,紅玉ネク,サプネラ,制作,ブレス・ネク,"紅玉:10,鋼の粉:15",,,
エビルナイトネックレス,エビネク,サプネラ,制作,ブレス・ネク,"究極進化結晶:10,エビルナイト鉱石:4",,,
光砂のブレスレット,光砂ブレ,サプネラ,制作,ブレス・ネク,"輝く砂:28,ストーンゴーレムのコア:5",,,
紅玉のブレスレット,紅玉ブレ,サプネラ,制作,ブレス・ネク,"紅玉:10,鋼の粉:15",,,
エビルナイトブレスレット,エビブレ,サプネラ,制作,ブレス・ネク,"究極進化結晶:10,エビルナイト鉱石:4",,,
乾泥のネックレス,"泥ネク,乾泥ネク",セシド,制作,ブレス・ネク,"色褪せた毛皮:26,砂の結晶:26",,,
炎牙のネックレス,"炎ネク,炎牙ネク",セシド,制作,ブレス・ネク,"水の入った瓶:26,砂漠の涙:26",,,
夢見のネックレス,夢見ネク,セシド,制作,ブレス・ネク,"歪な骨:8,夢見の勾玉:4",,,
乾泥のブレスレット,"泥ブレ,乾泥ブレ",セシド,制作,ブレス・ネク,"色褪せた毛皮:26,砂の結晶:26",,,
炎牙のブレスレット,"炎ブレ,炎牙ブレ",セシド,制作,ブレス・ネク,"水の入った瓶:26,砂漠の涙:26",,,
夢見のブレスレット,夢見ブレ,セシド,制作,ブレス・ネク,"歪な骨:8,夢見の勾玉:4",,,
始まりの鍛冶槌,,"レポロ, マクルダ",制作,道具,"木の枝:9,石:5",,,
丈夫な鍛冶槌,,"レポロ, マクルダ",制作,道具,"木の枝:12,石:10",,,
熟練の鍛冶槌,,"レポロ, マクルダ",制作,道具,"大樹の丸太:8,頑丈な石:9",,,
玄人の鍛冶槌,,"レポロ, マクルダ",制作,道具,"大樹の丸太:13,鉛の原石:5",,,
始まりの作業道具,,"レポロ, マクルダ",制作,道具,"木の枝:9,石:5",,,
丈夫な作業道具,,"レポロ, マクルダ",制作,道具,"木の枝:12,石:10",,,
熟練の作業道具,,"レポロ, マクルダ",制作,道具,"大樹の丸太:8,頑丈な石:9",,,
玄人の作業道具,,"レポロ, マクルダ",制作,道具,"大樹の丸太:13,鉛の原石:5",,,
はじまりの釣竿,,"レポロ, マクルダ",制作,道具,"木の枝:14,ボアの皮:15",,,
丈夫な釣竿,,"レポロ, マクルダ",制作,道具,"木の枝:20,ボアの皮:22",,,
熟練の釣竿,,"レポロ, マクルダ",制作,道具,"頑丈な石:16,石:15",,,
玄人の釣竿,,"レポロ, マクルダ",制作,道具,"頑丈な石:23,鉛の原石:15",,,
はじまりのツルハシ,,"レポロ, マクルダ",制作,道具,"木の枝:14,ボアの皮:15",,,
丈夫なツルハシ,,"レポロ, マクルダ",制作,道具,"木の枝:20,ボアの皮:22",,,
熟練のツルハシ,,"レポロ, マクルダ",制作,道具,"頑丈な石:16,石:15",,,
玄人のツルハシ,,"レポロ, マクルダ",制作,道具,"頑丈な石:23,鉛の原石:15",,,
はじまりのハサミ,,"レポロ, マクルダ",制作,道具,"木の枝:14,ボアの皮:15",,,
丈夫なハサミ,,"レポロ, マクルダ",制作,道具,"木の枝:20,ボアの皮:22",,,
熟練のハサミ,,"レポロ, マクルダ",制作,道具,"頑丈な石:16,石:15",,,
玄人のハサミ,,"レポロ, マクルダ",制作,道具,"頑丈な石:23,鉛の原石:15",,,
職人の鍛冶槌,,ルーチェア,制作,道具,"鉛の原石:15,ゴーレムの欠片:12",,,
骨の鍛冶槌,,ルーチェア,制作,道具,"尖った骨:15,大きな骨:10",,,
魔法の鍛冶槌,,ルーチェア,制作,道具,"魔法の樹木:20,さまよう魂:14",,,
魔法の鍛冶槌2,,ルーチェア,制作,道具,"魔法の鍛冶槌:1,煌めきの水結晶:2",,,
職人の作業道具,,ルーチェア,制作,道具,"鉛の原石:15,ゴーレムの欠片:12",,,
骨の作業道具,,ルーチェア,制作,道具,"尖った骨:15,大きな骨:10",,,
魔法の作業道具,,ルーチェア,制作,道具,"魔法の樹木:20,さまよう魂:14",,,
魔法の作業道具2,,ルーチェア,制作,道具,"魔法の作業道具:1,煌めきの水結晶:2",,,
職人の釣竿,,ルーチェア,制作,道具,"鉛の原石:15,ゴーレムの欠片:12",,,
骨の釣竿,,ルーチェア,制作,道具,"尖った骨:15,大きな骨:10",,,
魔法の釣竿,,ルーチェア,制作,道具,"魔法の樹木:20,さまよう魂:14",,,
魔法の釣竿2,,ルーチェア,制作,道具,"魔法の釣り竿:1,煌めきの水結晶:1",,,
職人のツルハシ,,ルーチェア,制作,道具,"鉛の原石:15,ゴーレムの欠片:12",,,
骨のツルハシ,,ルーチェア,制作,道具,"尖った骨:15,大きな骨:10",,,
魔法のツルハシ,,ルーチェア,制作,道具,"魔法の樹木:20,さまよう魂:14",,,
魔法のツルハシ2,,ルーチェア,制作,道具,"魔法のツルハシ:1,煌めきの水結晶:1",,,
職人のハサミ,,ルーチェア,制作,道具,"鉛の原石:15,ゴーレムの欠片:12",,,
骨のハサミ,,ルーチェア,制作,道具,"尖った骨:15,大きな骨:10",,,
魔法のハサミ,,ルーチェア,制作,道具,"魔法の樹木:20,さまよう魂:14",,,
魔法のハサミ2,,ルーチェア,制作,道具,"魔法のハサミ:1,煌めきの水結晶:1",,,
砂塵の鍛冶槌,,ソルソロ,制作,道具,"強固な砂岩:20,砂の宝石:20",,,
砂塵の鍛冶槌2,,ソルソロ,制作,道具,"砂塵の鍛冶槌:1,進化の粉:15",,,
聖騎士の鍛冶槌,,ソルソロ,制作,道具,"サルファーインゴット:5,金の原石:20",,,
聖騎士の鍛冶槌2,,ソルソロ,制作,道具,"聖騎士の鍛冶槌:1,進化の粉:15",,,
砂塵の作業道具,,ソルソロ,制作,道具,"強固な砂岩:20,砂の宝石:20",,,
砂塵の作業道具2,,ソルソロ,制作,道具,"砂塵の作業道具:1,進化の粉:15",,,
聖騎士の作業道具,,ソルソロ,制作,道具,"サルファーインゴット:5,金の原石:20",,,
聖騎士の作業道具2,,ソルソロ,制作,道具,"聖騎士の作業道具:1,進化の粉:15",,,
砂塵の釣竿,,ソルソロ,制作,道具,"強固な砂岩:15,砂の宝石:15",,,
砂塵の釣竿2,,ソルソロ,制作,道具,"強固な砂岩:30,砂の宝石:30",,,
聖騎士の釣竿,,ソルソロ,制作,道具,"サルファーインゴット:3,金の原石:15",,,
聖騎士の釣竿2,,ソルソロ,制作,道具,"サルファーインゴット:5,金の原石:22",,,
砂塵のツルハシ,,ソルソロ,制作,道具,"強固な砂岩:15,砂の宝石:15",,,
砂塵のツルハシ2,,ソルソロ,制作,道具,"強固な砂岩:30,砂の宝石:30",,,
聖騎士のツルハシ,,ソルソロ,制作,道具,"サルファーインゴット:3,金の原石:15",,,
聖騎士のツルハシ2,,ソルソロ,制作,道具,"サルファーインゴット:5,金の原石:22",,,
砂塵のハサミ,,ソルソロ,制作,道具,"強固な砂岩:15,砂の宝石:15",,,
砂塵のハサミ2,,ソルソロ,制作,道具,"強固な砂岩:30,砂の宝石:30",,,
聖騎士のハサミ,,ソルソロ,制作,道具,"サルファーインゴット:3,金の原石:15",,,
聖騎士のハサミ2,,ソルソロ,制作,道具,"サルファーインゴット:5,金の原石:22",,,
光砂の鍛冶槌,,サプネラ,制作,道具,"輝く砂:23,硬いこうら:14",,,
光砂の鍛冶槌2,,サプネラ,制作,道具,"光砂の鍛冶槌:1,究極進化結晶:3",,,
紅玉の鍛冶槌,,サプネラ,制作,道具,"紅玉:20,サルファーインゴット:9",,,
紅玉の鍛冶槌2,,サプネラ,制作,道具,"紅玉の鍛冶槌:1,究極進化結晶:4",,,
光砂の作業道具,,サプネラ,制作,道具,"輝く砂:23,硬いこうら:14",,,
光砂の作業道具2,,サプネラ,制作,道具,"光砂の作業道具:1,究極進化結晶:3",,,
紅玉の作業道具,,サプネラ,制作,道具,"紅玉:20,サルファーインゴット:9",,,
紅玉の作業道具2,,サプネラ,制作,道具,"紅玉の作業道具:1,究極進化結晶:4",,,
光砂の釣竿,,サプネラ,制作,道具,"輝く砂:18,硬いこうら:15",,,
光砂の釣竿2,,サプネラ,制作,道具,"輝く砂:25,硬いこうら:20",,,
紅玉の釣竿,,サプネラ,制作,道具,"紅玉:17,サルファーインゴット:7",,,
紅玉の釣竿2,,サプネラ,制作,道具,"紅玉:23,サルファーインゴット:10",,,
光砂のツルハシ,,サプネラ,制作,道具,"輝く砂:18,硬いこうら:15",,,
光砂のツルハシ2,,サプネラ,制作,道具,"輝く砂:25,硬いこうら:20",,,
紅玉のツルハシ,,サプネラ,制作,道具,"紅玉:17,サルファーインゴット:7",,,
紅玉のツルハシ2,,サプネラ,制作,道具,"紅玉:23,サルファーインゴット:10",,,
光砂のハサミ,,サプネラ,制作,道具,"輝く砂:18,硬いこうら:15",,,
光砂のハサミ2,,サプネラ,制作,道具,"輝く砂:25,硬いこうら:20",,,
紅玉のハサミ,,サプネラ,制作,道具,"紅玉:17,サルファーインゴット:7",,,
紅玉のハサミ2,,サプネラ,制作,道具,"紅玉:23,サルファーインゴット:10",,,
乾泥の鍛冶槌,,セシド,制作,道具,"泥まみれの骨:16,セシドトーテム:16",,,
乾泥の鍛冶槌2,,セシド,制作,道具,"泥まみれの骨:24,セシドトーテム:24",,,
炎牙の鍛冶槌,,セシド,制作,道具,"赤い羽根:16,紫の水晶:16",,,
炎牙の鍛冶槌2,,セシド,制作,道具,"赤い羽根:24,紫の水晶:24",,,
乾泥の作業道具,,セシド,制作,道具,"泥まみれの骨:16,セシドトーテム:16",,,
乾泥の作業道具2,,セシド,制作,道具,"泥まみれの骨:24,セシドトーテム:24",,,
炎牙の作業道具,,セシド,制作,道具,"赤い羽根:16,紫の水晶:16",,,
炎牙の作業道具2,,セシド,制作,道具,"赤い羽根:24,紫の水晶:24",,,
乾泥の釣竿,,セシド,制作,道具,"泥まみれの骨:16,セシドトーテム:16",,,
乾泥の釣竿2,,セシド,制作,道具,"泥まみれの骨:24,セシドトーテム:24",,,
炎牙の釣竿,,セシド,制作,道具,"赤い羽根:16,紫の水晶:16",,,
炎牙の釣竿2,,セシド,制作,道具,"赤い羽根:24,紫の水晶:24",,,
乾泥のツルハシ,,セシド,制作,道具,"泥まみれの骨:16,セシドトーテム:16",,,
乾泥のツルハシ2,,セシド,制作,道具,"泥まみれの骨:24,セシドトーテム:24",,,
炎牙のツルハシ,,セシド,制作,道具,"赤い羽根:16,紫の水晶:16",,,
炎牙のツルハシ2,,セシド,制作,道具,"赤い羽根:24,紫の水晶:24",,,
乾泥のハサミ,,セシド,制作,道具,"泥まみれの骨:16,セシドトーテム:16",,,
乾泥のハサミ2,,セシド,制作,道具,"泥まみれの骨:24,セシドトーテム:24",,,
炎牙のハサミ,,セシド,制作,道具,"赤い羽根:16,紫の水晶:16",,,
炎牙のハサミ2,,セシド,制作,道具,"赤い羽根:24,紫の水晶:24",,,
ダーティーアックス,ダーティー,,モブ討伐,武器,,,,
ダーティーアックス2,ダーティー2,,モブ討伐,武器,,,,
捻じれ怨鎖の剣,捻じれ剣,,モブ討伐,武器,,,,
業火の剣,イグニス剣,,モブ討伐,武器,,,,
業火の大剣,イグニス大剣,,モブ討伐,武器,,,,
業火の斧,イグニス斧,,モブ討伐,武器,,,,
幻影の大剣,幻影大剣,,モブ討伐,武器,,,,
幻影の斧,幻影斧,,モブ討伐,武器,,,,
時空を護りし剣・改,"時空剣改,剣改",,モブ討伐,武器,,,,
時空を貫きし神弓,時空弓,,モブ討伐,武器,,,,
生命の大剣,生命大剣,,モブ討伐,武器,,,,
大盗賊の斧,ルシャナ斧,,モブ討伐,武器,,,,
ベスティア・ヴァラグナ,ベス剣,,モブ討伐,武器,,,,
水神の槍,水神槍,,モブ討伐,武器,,,,
雷蟲王の墜弓,"ボルティス弓,蟲弓,虫弓",,モブ討伐,武器,,,,
雷蟲王の戦斧,"ボルティス斧,蟲斧,虫斧",,モブ討伐,武器,,,,
雷蟲王の魔杖,"ボルティス杖,蟲杖,虫杖",,モブ討伐,武器,,,,
蒼水晶の古代杖,"古代杖,旧古代",,"モブ討伐, NPC交換（常設）",武器,,,,
翠命なる大森林の弓,大森林,,モブ討伐,武器,,,,
冷酷なる惨劇,冷酷,,モブ討伐,武器,,,,
黒焔の槍,"ケルベロス槍,犬槍,尽きぬ槍,裁き槍,みこが槍",,モブ討伐,武器,,,,
黒焔の短剣,"ケルベロス短剣,犬短剣,尽きぬ短剣,裁き短剣,みこが短剣",,モブ討伐,武器,,,,
ラカチの紋章,トト紋章,,モブ討伐,紋章・ストーン,,"体力+4%
 力+5%
 使用可能レベル:Lv.5",,
テクトの紋章,"ボア紋章,ファングボア紋章",,モブ討伐,紋章・ストーン,,"器用さ+3%
 撃力+4%
 使用可能レベル:Lv.10",,
タストの紋章,スライム紋章,,モブ討伐,紋章・ストーン,,"体力+5%
 精神+4%
 使用可能レベル:Lv.0",,
サバールの紋章,"ジャンスラ紋章,キンスラ紋章,ジャンボスライム紋章
,キングスライム紋章
",,モブ討伐,紋章・ストーン,,"体力+6%
 精神+7%
 使用可能レベル:Lv.30",,
ホーマの紋章,"しかばね紋章,骨紋章",,モブ討伐,紋章・ストーン,,"精神+5%
 魔力+4%
 使用可能レベル:Lv.5",,
ヴォルスの紋章,"残骨紋章,地底の残骨紋章
",,モブ討伐,紋章・ストーン,,"力+4%
 魔力+4%
 使用可能レベル:Lv.10",,
ラーゾの紋章,"怨嗟紋章,怨嗟の狂骨紋章
",,モブ討伐,紋章・ストーン,,"力+5%
 魔力+5%
 使用可能レベル:Lv.40",,
リュルカの紋章,"ストゴレ紋章,ストーンゴーレム紋章
",,モブ討伐,紋章・ストーン,,"体力+5%
 体力+5%
 使用可能レベル:Lv.15",,
バータの紋章,"モスゴレ紋章,モスストーンゴーレム紋章
",,モブ討伐,紋章・ストーン,,"器用さ+4%
 力+6%
 使用可能レベル:Lv.15",,
タリアの紋章,ゴブリン紋章,,モブ討伐,紋章・ストーン,,"精神+6%
 精神+6%
 使用可能レベル:Lv.20",,
マベルの紋章,オーク紋章,,モブ討伐,紋章・ストーン,,"体力+4%
 撃力+3%
 使用可能レベル:Lv.20",,
ラマベルの紋章,"アクゴレ紋章,アクアゴーレム紋章
",,モブ討伐,紋章・ストーン,,"体力+4%
 体力+4%
 使用可能レベル:Lv.20",,
ラカチルの紋章,"アクゴレ紋章,アクアゴーレム紋章
",,モブ討伐,紋章・ストーン,,"体力+6%
 力+7%
 使用可能レベル:Lv.35",,
ホーマルの紋章,"アクゴレ紋章,アクアゴーレム紋章
",,モブ討伐,紋章・ストーン,,"精神+7%
 魔力+7%
 使用可能レベル:Lv.35",,
マリルダの紋章,"ジェマ紋章,ジェマレジスゴーレム紋章
",,モブ討伐,紋章・ストーン,,"力+4%
 力+4%
 使用可能レベル:Lv.40",,
マルテルの紋章,盗賊紋章,,モブ討伐,紋章・ストーン,,"精神+8%
 魔力+8%
 使用可能レベル:Lv.50",,
パールの紋章,盗賊紋章,,モブ討伐,紋章・ストーン,,"力+5%
 力+4%
 使用可能レベル:Lv.50",,
ルターシアの紋章,"サンスラ紋章,サンドスライム紋章
",,モブ討伐,紋章・ストーン,,"素早さ+5%
 素早さ+5%
 使用可能レベル:Lv.50",,
ガイアの紋章,"世界樹紋章,汚染された世界樹の根紋章
",,モブ討伐,紋章・ストーン,,"体力₋5%
 力+11%
 使用可能レベル:Lv.100",,
マレーンの紋章,"サンリザ紋章,サンドリザード紋章
",,モブ討伐,紋章・ストーン,,"体力+4%
 素早さ+10%
 使用可能レベル:Lv.110",,
ワイケの紋章,"サンスコ紋章,サンドスコーピオン紋章
",,モブ討伐,紋章・ストーン,,"体力+2%
 力+10%
 使用可能レベル:Lv.110",,
ルシャナの紋章,ルシャナ紋章,,モブ討伐,紋章・ストーン,,"精神+10%
 素早さ+2%
 使用可能レベル:Lv.110",,
シャルドの紋章,ベスティア紋章,,モブ討伐,紋章・ストーン,,"力:+7%
 撃力:+7%
 使用可能レベル:Lv.130",,
エリシアの紋章,"鹿紋章,ダルフガゼル紋章",,モブ討伐,紋章・ストーン,,"精神:+6%
 魔力:+7%
 使用可能レベル:Lv.110",,
シルフィアの紋章,"ボス鹿紋章,灼熱鹿紋章,灼熱のダルフガゼル紋章",,モブ討伐,紋章・ストーン,,"体力:+4%
 撃力:+11%
 使用可能レベル:Lv.140",,
アリオンの紋章,"鳥紋章,ダルフバード紋章",,モブ討伐,紋章・ストーン,,"体力:+8%
 器用さ:+8%
 使用可能レベル:Lv.110",,
ヴァンデルの紋章,ベズーテ紋章,,モブ討伐,紋章・ストーン,,"素早さ:+10%
 力:+4%
 使用可能レベル:Lv.130",,
サティアの紋章,"狂信者紋章,狂信紋章",,モブ討伐,紋章・ストーン,,"精神:+4%
 魔力:+11%
 使用可能レベル:Lv.140",,
ヴァルシアの紋章,"蟲紋章,虫紋章,ボルディス紋章",,モブ討伐,紋章・ストーン,,"力:-5%
 撃力:+16%
 使用可能レベル:Lv.150",,
カナリアの紋章,ヘリクス紋章,,モブ討伐,紋章・ストーン,,"器用さ:+8%
 素早さ:+8%
 使用可能レベル:Lv.140",,
トト・ノーマル,,,モブ討伐,紋章・ストーン,トト・ノーマルの破片,体力+4,,
スライム・ノーマル,,,モブ討伐,紋章・ストーン,スライム・ノーマルの破片:10,精神+4,,
ファングボア・ノーマル,,,モブ討伐,紋章・ストーン,ファングボア・ノーマルの破片:10,"体力+3
力+3",,
ジャンボスライム・ノーマル,,,モブ討伐,紋章・ストーン,ジャンボスライム・ノーマルの破片:10,"精神+8
魔力+8",,
キングスライム・ノーマル,,,モブ討伐,紋章・ストーン,キングスライム・ノーマルの破片:10,"体力+10
精神+10
器用さ+5
光耐性+10",,
しかばね・ノーマル,,,モブ討伐,紋章・ストーン,しかばね・ノーマルの破片:10,魔法耐性+10,,
地底の残骨・ノーマル,,,モブ討伐,紋章・ストーン,地底の残骨・ノーマルの破片:10,力+10,,
ストーンゴーレム・ノーマル,,,モブ討伐,紋章・ストーン,ストーンゴーレム・ノーマルの破片:10,守備力+5,,
モスストーンゴーレム・ノーマル,,,モブ討伐,紋章・ストーン,モスストーンゴーレム・ノーマルの破片:10,"物理耐性+4
魔法耐性+4",,
アクアゴーレム・ノーマル,,,モブ討伐,紋章・ストーン,アクアゴーレム・ノーマルの破片:10,"力+5
魔力+5
水耐性+15",,
ジェマレジスゴーレム・ノーマル,,,モブ討伐,紋章・ストーン,ジェマレジスゴーレム・ノーマルの破片:10,"体力+5
力+10
魔力+5",,
怨鎖の恐骨・ノーマル,,,モブ討伐,紋章・ストーン,怨鎖の恐骨・ノーマルの破片:10,"力+10
魔力+10",,
ゴブリン・ノーマル,,,モブ討伐,紋章・ストーン,ゴブリン・ノーマルの破片:10,"器用さ+10
水耐性+15",,
オーク・ノーマル,,,モブ討伐,紋章・ストーン,オーク・ノーマルの破片:10,"体力+10
撃力+10
水耐性+15",,
ゼクロニアス・ノーマル,,,モブ討伐,紋章・ストーン,ゼクロニアス・ノーマルの破片:10,"体力+30
力+15
魔力+15
風耐性+15",,
盗賊・ノーマル,,,モブ討伐,紋章・ストーン,盗賊・ノーマルの破片:10,"素早さ+15
器用さ+5
撃力+5
水耐性+15",,
サンドマン・ノーマル,,,モブ討伐,紋章・ストーン,サンドマン・ノーマルの破片:10,"体力+15
精神+10
守備力+10",,
サンドスライム・ノーマル,,,モブ討伐,紋章・ストーン,サンドスライム・ノーマルの破片:10,"精神+20
魔力+10",,
古代遺跡の番人・ノーマル,,,モブ討伐,紋章・ストーン,古代遺跡の番人・ノーマルの破片:10,体力+30,,
騎士の幻影・ノーマル,,,モブ討伐,紋章・ストーン,騎士の幻影・ノーマルの破片:10,"精神+15
力+10
魔力+10",,
浸食された世界樹の根・ノーマル,,,モブ討伐,紋章・ストーン,浸食された世界樹の根・ノーマルの破片:10,"体力-30
力+20
魔力+20
素早さ+20",,
サンドスコーピオン・ノーマル,,,モブ討伐,紋章・ストーン,サンドスコーピオン・ノーマルの破片:10,"精神+8
力+10
魔力+10
素早さ+5
守備力+10",,
サンドリザード・ノーマル,,,モブ討伐,紋章・ストーン,サンドリザード・ノーマルの破片:10,"体力+5
素早さ+25",,
ルシャナ・ノーマル,,,モブ討伐,紋章・ストーン,ルシャナ・ノーマルの破片:10,"体力+5
精神+10
魔力+10
素早さ+10",,
ヨルズ・ノーマル,,,モブ討伐,紋章・ストーン,ヨルズ・ノーマルの破片:10,"体力+25
精神+5
力+10
魔力+10
闇耐性+2
光耐性+5",,
ダルフガゼル・ノーマル,,,モブ討伐,紋章・ストーン,ダルフガゼル・ノーマルの破片:10,"精神+5
力+5
素早さ+25
物理耐性+1",,
ダルフバード・ノーマル,,,モブ討伐,紋章・ストーン,ダルフバード・ノーマルの破片:10,"力+10
素早さ+20
炎耐性+3",,
ベズーテ・ノーマル,,,モブ討伐,紋章・ストーン,ベズーテ・ノーマルの破片:10,"体力+10
力+10
器用さ+20
闇耐性+3",,
ベスティア・ノーマル,,,モブ討伐,紋章・ストーン,ベスティア・ノーマルの破片:10,"体力+60
精神-15
力-15",,
狂信者・ノーマル,,,モブ討伐,紋章・ストーン,狂信者・ノーマルの破片:10,"体力-15
精神+30
魔力+30",,
水神ヘリクス・ノーマル,,,モブ討伐,紋章・ストーン,水神ヘリクス・ノーマルの破片:10,"体力+30
力+10
魔力+10
水耐性+5",,
灼熱のダルフガゼル・ノーマル,,,モブ討伐,紋章・ストーン,灼熱のダルフガゼル・ノーマルの破片:10,力+40,,
紫電の蟲王ボルティス・ノーマル,,,モブ討伐,紋章・ストーン,紫電の蟲王ボルティス・ノーマルの破片:10,"体力+20
雷耐性+10",,
レポロ・グレート,,,制作,紋章・ストーン,"ジャンボスライム・ノーマルの破片:10,ファングボア・ノーマルの破片:60","体力+15
精神+10
魔力+18",,
マクルダ・グレート,,,制作,紋章・ストーン,"ゴブリン・ノーマルの破片:50,オーク・ノーマルの破片:50","体力+15
器用さ+10
撃力+15",,
ソルソロの守り人・グレート,,,制作,紋章・ストーン,"騎士の幻影・ノーマルの破片:15,古代遺跡の番人・ノーマルの破片:15","力+15
魔力+15
素早さ+15
器用さ+15",,
サプネラメクタル・グレート,,,制作,紋章・ストーン,"ルシャナ・ノーマルの破片:10,サンドマン・ノーマルの破片:40","体力+10
精神+10
素早さ+30
守備力+40
物理耐性+3
魔法耐性+3",,
セシドステラジー・グレート,,,制作,紋章・ストーン,"ダルフガゼル・ノーマルの破片:15,灼熱のダルフガゼル・ノーマルの破片:15","体力+65
力+20
魔力+15
素早さ-30
闇耐性+5",,
ゴーレム・バスター,,,制作,紋章・ストーン,"ストーンゴーレム・ノーマルの破片:40,アクアゴーレム・ノーマルの破片:20","力+18
守備力+20",,
シーフ・バスター,,,制作,紋章・ストーン,"盗賊・ノーマルの破片:40,ルシャナ・ノーマルの破片:10","体力+20
精神+20
力+10
守備力+20",,
クリード・バスター,,,制作,紋章・ストーン,"狂信者・ノーマルの破片:15,水神ヘリクス・ノーマルの破片:3","体力-10
精神+25
魔力+40",,
ワイルド・バスター,,,制作,紋章・ストーン,"ベズーテ・ノーマルの破片:20,ベスティア・ノーマルの破片:3","田緑+65
力+20
素早さ-30
闇耐性+5",,
キュロス・レプリカ,,,制作,紋章・ストーン,"レポロ・グレートの破片:30,マクルダ・グレートの破片:30","体力+30
精神+20
力+12
魔力+12",,
時空の守護者・レプリカ,,,制作,紋章・ストーン,"レポロ・グレートの破片:30,ゼクロニアス・ノーマルの破片:15","体力+35
精神+32
力+20
魔力+20",,
生命を司る者・レプリカ,,,制作,紋章・ストーン,"マクルダ・グレートの破片:20,ヨルズ・ノーマルの破片:10","体力+48
力+20
魔力+20
素早さ+20
器用さ+20",,
ルインキングダム・レプリカ,,,制作,紋章・ストーン,"ソルソロの守り人・グレートの破片:10,サプネラメクタル・グレートの破片:10","体力+30
精神+20
力+20
魔力+20
スバｙさ+15
器用さ+15",,
時空を護りし剣,,,NPC交換（常設）,武器,,,,
輝晶石の古代杖,,,NPC交換（常設）,武器,,,,
狩人の指輪,,,NPC交換（常設）,指輪,,疾風の狩人:矢筒の効果発動後に自身の周囲に自身の撃力×6のダメージを与える,,
渇命の指輪,,,NPC交換（常設）,指輪,,"渇命:通常攻撃時に10%で「削命」を獲得する
通常攻撃時に22%の確率で現在所持している削命の量と素早さに応じてダメージが増加する闇属性の斬撃を放つ",,
翠命なる大森林の弓・改,,,NPC交換（常設）,武器,,,,